Name / Description,Cost (THB),Sale Price (THB),Barcode
TPE yoga mat (Grey/Pink)   Document from ສຸບິນ CBS SHO V2,306.82   Document from ສຸບິນ CBS SHO V2,590.00   Document from ສຸບິນ CBS SHO V2,(Image)
TPE yoga mat (Purple/Pink)   Document from ສຸບິນ CBS SHO V2,306.82   Document from ສຸບິນ CBS SHO V2,590.00   Document from ສຸບິນ CBS SHO V2,(Image)
"Dumbbells (Orange, 1kg/each, 2kg/pair)   Document from ສຸບິນ CBS SHO V2",460.03   Document from ສຸບິນ CBS SHO V2,690.00   Document from ສຸບິນ CBS SHO V2,(Image)
"Dumbbells (Pink, 1kg/each, 2kg/pair)   Document from ສຸບິນ CBS SHO V2",460.03   Document from ສຸບິນ CBS SHO V2,690.00   Document from ສຸບິນ CBS SHO V2,(Image)




Name / Description,Cost (THB),Sale Price (THB),Barcode
Pilates grip socks (Size S)   Document from ສຸບິນ CBS SHO V2,142.08   Document from ສຸບິນ CBS SHO V2,190.00   Document from ສຸບິນ CBS SHO V2,(Image)
Pilates grip socks (Size M)   Document from ສຸບິນ CBS SHO V2,142.08   Document from ສຸບິນ CBS SHO V2,190.00   Document from ສຸບິນ CBS SHO V2,(Image)
Pilates grip socks (Size S)   Document from ສຸບິນ CBS SHO V2,142.08   Document from ສຸບິນ CBS SHO V2,190.00   Document from ສຸບິນ CBS SHO V2,(Image)
Pilates grip socks (Size M)   Document from ສຸບິນ CBS SHO V2,142.08   Document from ສຸບິນ CBS SHO V2,190.00   Document from ສຸບິນ CBS SHO V2,(Image)
Crew socks without grips (Size S)   Document from ສຸບິນ CBS SHO V2,111.36   Document from ສຸບິນ CBS SHO V2,170.00   Document from ສຸບິນ CBS SHO V2,(Image)
Crew socks without grips (Size M)   Document from ສຸບິນ CBS SHO V2,111.36   Document from ສຸບິນ CBS SHO V2,170.00   Document from ສຸບິນ CBS SHO V2,(Image)
Crew socks without grips (Size S)   Document from ສຸບິນ CBS SHO V2,111.36   Document from ສຸບິນ CBS SHO V2,170.00   Document from ສຸບິນ CBS SHO V2,(Image)
Crew socks without grips (Size M)   Document from ສຸບິນ CBS SHO V2,111.36   Document from ສຸບິນ CBS SHO V2,170.00   Document from ສຸບິນ CBS SHO V2,(Image)